ID,ImageWidth,ImageHeight,PredictionString
0040581b-f1f2-4fbe-b043-b6bfea5404bb,2048,2048,0 1 eNoLCAgIMAEABJkBdQ==
004a270d-34a2-4d60-bbe4-365fca868193,2048,2048,0 1 eNoLCAgIMAEABJkBdQ==
00537262-883c-4b37-a3a1-a4931b6faea5,2048,2048,0 1 eNoLCAgIMAEABJkBdQ==
00c9a1c9-2f06-476f-8b0d-6d01032874a2,2048,2048,0 1 eNoLCAgIMAEABJkBdQ==
0173029a-161d-40ef-af28-2342915b22fb,3072,3072,0 1 eNoLCAgIsAQABJ4Beg==
01a14326-67b8-43b0-ac7a-ba6dfb3c38ad,2048,2048,0 1 eNoLCAgIMAEABJkBdQ==
020a29cf-2c24-478b-8603-c22a90dc3e31,1728,1728,0 1 eNoLCAjJNgIABNkBkg==
02425037-3048-4ff3-9c0a-e9fc2d033e32,2048,2048,0 1 eNoLCAgIMAEABJkBdQ==
02531b54-078d-4a33-9c9c-0632b58c0a9a,2048,2048,0 1 eNoLCAgIMAEABJkBdQ==
025f04f1-6c68-4606-b34b-047738dd4804,2048,2048,0 1 eNoLCAgIMAEABJkBdQ==
02861579-97fb-4482-a613-356e0bf5d090,2048,2048,0 1 eNoLCAgIMAEABJkBdQ==
02b3c5aa-d70c-49d1-b3e5-3f5cc10375ca,1728,1728,0 1 eNoLCAjJNgIABNkBkg==
02f9ee97-bf2e-4d9d-bdfd-b903ec2e79c0,1728,1728,0 1 eNoLCAjJNgIABNkBkg==
036cd088-40fc-4ab0-a131-a6c02f02440a,2048,2048,0 1 eNoLCAgIMAEABJkBdQ==
03aa8433-b927-4495-a6e2-d03cdc17d76b,2048,2048,0 1 eNoLCAgIMAEABJkBdQ==
04c1b106-a5a4-419d-96c6-2750ebe2b50d,2048,2048,0 1 eNoLCAgIMAEABJkBdQ==
05d2d9f7-2607-4c85-880d-31838d60f69c,2048,2048,0 1 eNoLCAgIMAEABJkBdQ==
06dc4bba-d575-4a7d-bd3c-a855bae78b87,2048,2048,0 1 eNoLCAgIMAEABJkBdQ==
077cd9bb-bec5-4577-aca4-97e5683619f6,2048,2048,0 1 eNoLCAgIMAEABJkBdQ==
08c34075-6bb9-4852-9f1d-511eeaf7d7ff,2048,2048,0 1 eNoLCAgIMAEABJkBdQ==
08c4fe91-cc22-440e-8ee4-59724fd11e10,2048,2048,0 1 eNoLCAgIMAEABJkBdQ==
097d3a61-15e2-413a-9ca8-fca2509f0854,2048,2048,0 1 eNoLCAgIMAEABJkBdQ==
0a12663b-71ff-49e2-9fd9-b9a1bba5a9b4,2048,2048,0 1 eNoLCAgIMAEABJkBdQ==
0a75821b-048f-4db2-a061-3c723008c3cf,2048,2048,0 1 eNoLCAgIMAEABJkBdQ==
0bf0b707-99a4-4561-93fe-6c0ea0cfecf8,2048,2048,0 1 eNoLCAgIMAEABJkBdQ==
0c0404a0-9eff-48d3-a853-fc7a076258e4,2048,2048,0 1 eNoLCAgIMAEABJkBdQ==
0c2ea2b7-d0a0-4a14-9c70-e0428db1c298,2048,2048,0 1 eNoLCAgIMAEABJkBdQ==
0c57f7f4-c9b9-4824-aa0e-c98bd8860434,1728,1728,0 1 eNoLCAjJNgIABNkBkg==
0c693c0d-1395-4d88-af7d-1368fe9f8437,2048,2048,0 1 eNoLCAgIMAEABJkBdQ==
0cd887e1-bc16-4884-a453-4b210ada725c,2048,2048,0 1 eNoLCAgIMAEABJkBdQ==
0cefc8d5-7ded-4de4-ba97-11b0b4a080b0,2048,2048,0 1 eNoLCAgIMAEABJkBdQ==
0d775004-c453-4d03-bdc9-36661a64cbbd,2048,2048,0 1 eNoLCAgIMAEABJkBdQ==
0e185461-0a8d-4b64-8d7d-a1dcec3b1412,2048,2048,0 1 eNoLCAgIMAEABJkBdQ==
0e498bec-8155-4f31-9a23-8ebc5efe9dd7,1728,1728,0 1 eNoLCAjJNgIABNkBkg==
0e9eebd0-f151-4376-88ee-1721fbb49089,2048,2048,0 1 eNoLCAgIMAEABJkBdQ==
0ea01e42-dee2-46d3-b189-930ff2ac9841,2048,2048,0 1 eNoLCAgIMAEABJkBdQ==
0ec42e43-bb66-41a0-bd95-d143d10ca78a,1728,1728,0 1 eNoLCAjJNgIABNkBkg==
0eeb2555-a764-438e-bf11-916ef676dee7,2048,2048,0 1 eNoLCAgIMAEABJkBdQ==
0f0b6d5d-642d-4d63-97ee-dcf4b2a9203e,1728,1728,0 1 eNoLCAjJNgIABNkBkg==
0f0e2a27-5a09-4965-8912-388d465eb994,2048,2048,0 1 eNoLCAgIMAEABJkBdQ==
10dd5129-7e32-4272-9f1a-8bd052de2b9c,2048,2048,0 1 eNoLCAgIMAEABJkBdQ==
10e2e7d0-7104-4f74-bb02-2c86e84f830c,2048,2048,0 1 eNoLCAgIMAEABJkBdQ==
10fcd355-c389-4ccf-b42c-6767eb08d55a,2048,2048,0 1 eNoLCAgIMAEABJkBdQ==
1102e583-1932-466e-a1b3-9fc333dceb80,2048,2048,0 1 eNoLCAgIMAEABJkBdQ==
112b1c5d-b1a9-4815-8dab-3bfc01392018,2048,2048,0 1 eNoLCAgIMAEABJkBdQ==
1131eb6f-11cc-4fe8-b327-628abd442210,2048,2048,0 1 eNoLCAgIMAEABJkBdQ==
11c33f11-d41a-4a6b-b68e-12213a9e947d,2048,2048,0 1 eNoLCAgIMAEABJkBdQ==
12667c6f-1d7e-44ca-9b75-ce8b6ddeaa0a,2048,2048,0 1 eNoLCAgIMAEABJkBdQ==
12cb3a83-8a33-4bc3-9f7b-6bc096f616b4,2048,2048,0 1 eNoLCAgIMAEABJkBdQ==
131ee8b4-de1d-435f-843c-a907dfda8416,2048,2048,0 1 eNoLCAgIMAEABJkBdQ==
13f69d62-4d2d-4eb8-a9e2-9118328cc514,2048,2048,0 1 eNoLCAgIMAEABJkBdQ==
13ffbbdc-0195-446b-8e21-d48efb8dd208,2048,2048,0 1 eNoLCAgIMAEABJkBdQ==
1425e575-3e6e-4fc4-a7be-d446b543553b,2048,2048,0 1 eNoLCAgIMAEABJkBdQ==
146f9220-88a3-4b46-b0db-5f4ba7563898,2048,2048,0 1 eNoLCAgIMAEABJkBdQ==
15b2d2af-949f-4a6b-afdc-28182fd05212,2048,2048,0 1 eNoLCAgIMAEABJkBdQ==
1642e4c4-7194-4565-bcd4-ff5a8b284d99,2048,2048,0 1 eNoLCAgIMAEABJkBdQ==
182bc913-abca-46a9-b5fa-416ea862d655,1728,1728,0 1 eNoLCAjJNgIABNkBkg==
185897b6-bcb5-4f80-a3f0-a83824dbf912,2048,2048,0 1 eNoLCAgIMAEABJkBdQ==
186208f7-d431-4673-b430-6a576538ea7e,2048,2048,0 1 eNoLCAgIMAEABJkBdQ==
18b09c5d-7708-4bde-8d6f-85a69746f44c,2048,2048,0 1 eNoLCAgIMAEABJkBdQ==
195dbedf-1af2-4f78-b162-c1c7ac2a30b6,2048,2048,0 1 eNoLCAgIMAEABJkBdQ==
1a2a0cde-a1bc-4b71-81a1-459940468008,2048,2048,0 1 eNoLCAgIMAEABJkBdQ==
1a5c9582-30a8-48de-b12a-3c012405624a,2048,2048,0 1 eNoLCAgIMAEABJkBdQ==
1c13d9c9-f9f0-4845-beba-1743c59a2218,2048,2048,0 1 eNoLCAgIMAEABJkBdQ==
1c5e2a57-20b6-4c2f-8787-e31ec078bcb2,2048,2048,0 1 eNoLCAgIMAEABJkBdQ==
1db4aa8b-cab5-46a6-8530-8edd7653178b,2048,2048,0 1 eNoLCAgIMAEABJkBdQ==
1de83a24-4043-4367-9cfc-735e5d5f40fd,1728,1728,0 1 eNoLCAjJNgIABNkBkg==
1e4a3df2-c137-437b-9eb3-d3ddc6d7beb6,2048,2048,0 1 eNoLCAgIMAEABJkBdQ==
1ebc55df-43a6-4768-b813-d4be3e291a04,2048,2048,0 1 eNoLCAgIMAEABJkBdQ==
1f4a5c57-54ee-4679-bbc0-cb1c668c3bf7,3072,3072,0 1 eNoLCAgIsAQABJ4Beg==
2062d68b-4ab0-4f68-8dae-6bdc60b53f2f,2048,2048,0 1 eNoLCAgIMAEABJkBdQ==
208759b0-de83-42aa-a2de-684dac541346,2048,2048,0 1 eNoLCAgIMAEABJkBdQ==
20ffbb3e-0080-4e80-a626-054072b4c66a,2048,2048,0 1 eNoLCAgIMAEABJkBdQ==
2108ef53-d3ae-4438-9dab-2cc5696a286b,2048,2048,0 1 eNoLCAgIMAEABJkBdQ==
21d4426c-f36d-4f6e-b8de-e9c0085639b1,2048,2048,0 1 eNoLCAgIMAEABJkBdQ==
22fa496b-f407-4df0-96ed-8942df0bcd9d,1728,1728,0 1 eNoLCAjJNgIABNkBkg==
253876a1-9d84-41ea-a64a-a90b6c59dbb2,2048,2048,0 1 eNoLCAgIMAEABJkBdQ==
25d8f8c5-6d81-4dbc-a3a2-faa6babcb695,2048,2048,0 1 eNoLCAgIMAEABJkBdQ==
261f25d9-27ec-4703-a855-9f92dae9ee6e,2048,2048,0 1 eNoLCAgIMAEABJkBdQ==
26bf203c-9a58-4b07-acdb-29bc8f58de0f,2048,2048,0 1 eNoLCAgIMAEABJkBdQ==
277b3f6d-099b-4b6d-8592-a06ad6f52beb,2048,2048,0 1 eNoLCAgIMAEABJkBdQ==
283ecafc-ef2b-42f0-a6e1-88129a4fbdd7,2048,2048,0 1 eNoLCAgIMAEABJkBdQ==
2849aa15-726b-4a14-867b-a3402cdf4328,2048,2048,0 1 eNoLCAgIMAEABJkBdQ==
2990b07d-701b-430b-b00d-abe4e8beb60c,1728,1728,0 1 eNoLCAjJNgIABNkBkg==
29c3c936-145f-4bec-bcc7-9565cb48b819,2048,2048,0 1 eNoLCAgIMAEABJkBdQ==
2a63fd5c-cd5f-4005-a085-e12a6ca38ab1,2048,2048,0 1 eNoLCAgIMAEABJkBdQ==
2ab1f80e-2a07-4785-b7db-249a8c35d23e,2048,2048,0 1 eNoLCAgIMAEABJkBdQ==
2b285126-df89-4954-b389-4206a64ac652,2048,2048,0 1 eNoLCAgIMAEABJkBdQ==
2b58f7f8-e905-4af7-9ce0-ffc373416b5c,3072,3072,0 1 eNoLCAgIsAQABJ4Beg==
2bb1ce03-ce95-4671-a6da-9153dca61b56,2048,2048,0 1 eNoLCAgIMAEABJkBdQ==
2d312b7e-c49f-4d81-bd7f-7ab0db0e7cc8,2048,2048,0 1 eNoLCAgIMAEABJkBdQ==
2d801991-e15a-488e-9729-ba5163a9be28,2048,2048,0 1 eNoLCAgIMAEABJkBdQ==
2dd34a23-84bb-4849-a285-cb60fb40ac47,1728,1728,0 1 eNoLCAjJNgIABNkBkg==
2ea31aba-1f68-48cd-9691-cd4498669b3e,2048,2048,0 1 eNoLCAgIMAEABJkBdQ==
2f33cde5-5a72-4818-9a23-d0300d5f99f6,2048,2048,0 1 eNoLCAgIMAEABJkBdQ==
2f6838aa-37d6-41c9-a66a-d047330e0fbf,3072,3072,0 1 eNoLCAgIsAQABJ4Beg==
3011d306-da16-43c5-9c7a-46953c4e5a32,1728,1728,0 1 eNoLCAjJNgIABNkBkg==
3093bc43-fab5-4138-baf8-7f641c062779,2048,2048,0 1 eNoLCAgIMAEABJkBdQ==
30b9198b-7d1e-438e-8809-d6ce29082b0d,2048,2048,0 1 eNoLCAgIMAEABJkBdQ==
31536bf6-4fed-4e43-bacc-b45d66f397ca,2048,2048,0 1 eNoLCAgIMAEABJkBdQ==
31b45f24-8573-4717-9883-8bdafe822154,2048,2048,0 1 eNoLCAgIMAEABJkBdQ==
31b7858e-c573-4dea-81c3-d9202d6430e6,2048,2048,0 1 eNoLCAgIMAEABJkBdQ==
31c053f8-0682-4484-a0cc-c96888abe88a,2048,2048,0 1 eNoLCAgIMAEABJkBdQ==
322bd30c-0aef-489e-a0f0-82a0253a3936,2048,2048,0 1 eNoLCAgIMAEABJkBdQ==
332f8c9c-0c22-4312-942a-b71054eaec69,2048,2048,0 1 eNoLCAgIMAEABJkBdQ==
334b4ba6-2618-4f88-8a26-cd2438e5e1a3,2048,2048,0 1 eNoLCAgIMAEABJkBdQ==
33658e9c-d07d-46c5-b5ec-046338509a3e,1728,1728,0 1 eNoLCAjJNgIABNkBkg==
3382b344-abbb-4aaa-a09b-70788871fd09,3072,3072,0 1 eNoLCAgIsAQABJ4Beg==
33932b91-1844-42f7-9363-90f72dae37a4,1728,1728,0 1 eNoLCAjJNgIABNkBkg==
33949d63-98cc-4967-b7a3-bf61423dad9b,2048,2048,0 1 eNoLCAgIMAEABJkBdQ==
339d94e5-8241-4860-84cf-876ae68a3e15,2048,2048,0 1 eNoLCAgIMAEABJkBdQ==
33bdf6a2-687f-4d49-b0cc-60f3fb87f7e4,2048,2048,0 1 eNoLCAgIMAEABJkBdQ==
342fb1c0-5f4b-445d-817b-d4e44646342e,2048,2048,0 1 eNoLCAgIMAEABJkBdQ==
345c63c8-cf07-4c86-b742-f4386de596d3,2048,2048,0 1 eNoLCAgIMAEABJkBdQ==
35b4b43c-40f1-4abd-b17e-9923c50d8f91,2048,2048,0 1 eNoLCAgIMAEABJkBdQ==
35b9fbab-b3cc-4b7f-bc4f-3798edae38ae,1728,1728,0 1 eNoLCAjJNgIABNkBkg==
3698ebac-6829-486b-bd77-99ff1fb7cb30,2048,2048,0 1 eNoLCAgIMAEABJkBdQ==
37143960-74d6-4060-b853-6813616ca141,2048,2048,0 1 eNoLCAgIMAEABJkBdQ==
373b19c9-4996-48c8-917a-ec53b69bca55,2048,2048,0 1 eNoLCAgIMAEABJkBdQ==
37d203c0-450f-4637-aa24-a909880e9bd1,2048,2048,0 1 eNoLCAgIMAEABJkBdQ==
3a124971-71e2-4d8f-bce9-06780d9b730c,2048,2048,0 1 eNoLCAgIMAEABJkBdQ==
3aa2634c-fbb4-414a-b0e4-d756d8cbb9f7,2048,2048,0 1 eNoLCAgIMAEABJkBdQ==
3b44694a-9be6-4b9f-9f5f-1dc6c95fff2e,2048,2048,0 1 eNoLCAgIMAEABJkBdQ==
3ba07706-7f03-4e38-a763-1810c23d92af,2048,2048,0 1 eNoLCAgIMAEABJkBdQ==
3bacbe9a-7c06-42c3-aabc-21a59c59c4d2,1728,1728,0 1 eNoLCAjJNgIABNkBkg==
3c61abe1-2d1c-482d-8545-5695d33dce46,2048,2048,0 1 eNoLCAgIMAEABJkBdQ==
3c9a28bd-084f-4d23-9793-35fffa105652,2048,2048,0 1 eNoLCAgIMAEABJkBdQ==
3cd4bd3e-3062-4501-bcf9-b9a200af9ab9,2048,2048,0 1 eNoLCAgIMAEABJkBdQ==
3ec0dd97-bc18-4afa-b2dc-62f5df9ac9cd,1728,1728,0 1 eNoLCAjJNgIABNkBkg==
3efa7d8e-161b-48f1-8f18-013de3bc6cc0,1728,1728,0 1 eNoLCAjJNgIABNkBkg==
3ffb5912-8e8c-4857-ad8f-9871c31adf65,1728,1728,0 1 eNoLCAjJNgIABNkBkg==
405324ed-7135-48e1-88a7-ec2570d26709,2048,2048,0 1 eNoLCAgIMAEABJkBdQ==
41d66623-0e0b-466e-bda4-3acd5ca3158f,2048,2048,0 1 eNoLCAgIMAEABJkBdQ==
42875b07-663c-4722-b05a-c733d306b1d6,2048,2048,0 1 eNoLCAgIMAEABJkBdQ==
43275475-ffca-4767-bb36-39299796a768,2048,2048,0 1 eNoLCAgIMAEABJkBdQ==
434547ba-d0c8-4278-83ae-adb2b9e14e52,2048,2048,0 1 eNoLCAgIMAEABJkBdQ==
434548f7-1d27-490f-8e0f-bdc89a6b0fbe,2048,2048,0 1 eNoLCAgIMAEABJkBdQ==
435a6557-b524-486b-af1c-c5e0376b6862,2048,2048,0 1 eNoLCAgIMAEABJkBdQ==
43b6580c-4e4e-4fad-8be2-9e577802028f,2048,2048,0 1 eNoLCAgIMAEABJkBdQ==
43faf8ef-0fc7-46ea-931f-2215d17c1d6e,2048,2048,0 1 eNoLCAgIMAEABJkBdQ==
442b3f44-e9ec-4610-9ad3-22ad014632e7,2048,2048,0 1 eNoLCAgIMAEABJkBdQ==
44b010e7-fe05-4db2-a703-34e8bb9089a2,2048,2048,0 1 eNoLCAgIMAEABJkBdQ==
44c5cdd8-82a3-453e-8d8c-166d69d2ae8d,2048,2048,0 1 eNoLCAgIMAEABJkBdQ==
45a917c0-31c3-4ea6-9a08-03530dca7005,2048,2048,0 1 eNoLCAgIMAEABJkBdQ==
46abc248-619b-4f6e-ae80-d55b5ef38e1e,2048,2048,0 1 eNoLCAgIMAEABJkBdQ==
47d6d311-769c-4e43-b42c-bd856f566ae8,2048,2048,0 1 eNoLCAgIMAEABJkBdQ==
4908687b-7f79-4f6a-bc03-bfbbad704442,2048,2048,0 1 eNoLCAgIMAEABJkBdQ==
495caf15-faed-458d-962b-8c78d0bf7ea4,2048,2048,0 1 eNoLCAgIMAEABJkBdQ==
49693c8f-7262-4de9-85c2-6f78fc4a4de3,2048,2048,0 1 eNoLCAgIMAEABJkBdQ==
49b573a7-a887-499e-b96b-28fbe3fae7f7,2048,2048,0 1 eNoLCAgIMAEABJkBdQ==
4a11d63d-4b10-4a67-acb6-c8e0621c6180,1728,1728,0 1 eNoLCAjJNgIABNkBkg==
4ac5412b-ef71-4186-b0f9-d71b738d343f,2048,2048,0 1 eNoLCAgIMAEABJkBdQ==
4aee3c20-4f67-41c1-9f41-6a18ff3f09cc,1728,1728,0 1 eNoLCAjJNgIABNkBkg==
4b225a0e-c8b9-4e21-ab48-ea6d48b0b7b9,2048,2048,0 1 eNoLCAgIMAEABJkBdQ==
4bd83958-ac57-4023-8372-452e80890763,2048,2048,0 1 eNoLCAgIMAEABJkBdQ==
4d4b3d21-d24d-4508-802f-f72c13954b36,2048,2048,0 1 eNoLCAgIMAEABJkBdQ==
4e276a12-11ef-4f62-bba3-5dfdd955e07e,2048,2048,0 1 eNoLCAgIMAEABJkBdQ==
4e3a3478-422e-4b97-b7d1-07201a1ddd48,2048,2048,0 1 eNoLCAgIMAEABJkBdQ==
4e3ae702-1b3c-4eff-b27d-bac809f39c3a,2048,2048,0 1 eNoLCAgIMAEABJkBdQ==
4e576c52-1a26-4d05-912a-cbb70eee2cae,2048,2048,0 1 eNoLCAgIMAEABJkBdQ==
4e81d557-fa1f-494e-b0d9-1df026e66098,2048,2048,0 1 eNoLCAgIMAEABJkBdQ==
4e9084b6-ed40-4591-9f32-a91aa4679bf2,2048,2048,0 1 eNoLCAgIMAEABJkBdQ==
4e9546e7-ffbb-4a44-b4a3-2efc05d6e970,2048,2048,0 1 eNoLCAgIMAEABJkBdQ==
4ec55571-d282-4419-ab6d-ae0c9a0b65df,2048,2048,0 1 eNoLCAgIMAEABJkBdQ==
4eccf6b9-63d9-4753-acee-f7666737d4a8,2048,2048,0 1 eNoLCAgIMAEABJkBdQ==
4edc8b07-fbda-4bca-8275-b78c9197e898,2048,2048,0 1 eNoLCAgIMAEABJkBdQ==
4ef031f4-ad85-40ab-b028-f5489a7359c6,2048,2048,0 1 eNoLCAgIMAEABJkBdQ==
503c064a-05e2-441c-8153-816c26fef10a,2048,2048,0 1 eNoLCAgIMAEABJkBdQ==
507f65bd-9af7-44ed-a431-ca3c254a3bd8,2048,2048,0 1 eNoLCAgIMAEABJkBdQ==
5084ed0d-82b2-491a-9184-45749fbef076,2048,2048,0 1 eNoLCAgIMAEABJkBdQ==
50dec4d4-a343-464a-a4ff-9f233301184b,1728,1728,0 1 eNoLCAjJNgIABNkBkg==
51314583-0db5-4398-91da-cfc2a3412d0b,2048,2048,0 1 eNoLCAgIMAEABJkBdQ==
51f9bc45-17d3-44c9-b018-5b8d203afd17,2048,2048,0 1 eNoLCAgIMAEABJkBdQ==
52173c83-0c3f-42ce-82de-a965f3a0d830,1728,1728,0 1 eNoLCAjJNgIABNkBkg==
5248c62f-218d-4c9b-84fa-fec3179d0a6f,2048,2048,0 1 eNoLCAgIMAEABJkBdQ==
52bd6139-a06e-4c5b-9360-307ce651a476,2048,2048,0 1 eNoLCAgIMAEABJkBdQ==
53024ee0-af61-46f3-a482-24a883dac72a,2048,2048,0 1 eNoLCAgIMAEABJkBdQ==
532ca50d-85e6-4031-968d-022a6a5b1c84,2048,2048,0 1 eNoLCAgIMAEABJkBdQ==
53476b9e-51be-40b1-8652-b1017a4793da,2048,2048,0 1 eNoLCAgIMAEABJkBdQ==
54016809-dc74-461c-b98f-62b4c151c769,1728,1728,0 1 eNoLCAjJNgIABNkBkg==
558fee27-92a3-4ded-b67b-818a2cf19ff8,2048,2048,0 1 eNoLCAgIMAEABJkBdQ==
56736ae6-f58f-40b5-a596-b799a4fe5153,2048,2048,0 1 eNoLCAgIMAEABJkBdQ==
567e675f-f1b3-4ea6-80ec-00c85013ce89,1728,1728,0 1 eNoLCAjJNgIABNkBkg==
57010afb-88d9-4ef2-8d09-843ef32c6ed1,2048,2048,0 1 eNoLCAgIMAEABJkBdQ==
57a03215-304e-4459-8f3c-bc777bd16c96,2048,2048,0 1 eNoLCAgIMAEABJkBdQ==
57c2fcf7-3c81-4e60-a193-39e35be908f4,2048,2048,0 1 eNoLCAgIMAEABJkBdQ==
57e7c6e6-4404-4ca9-8d6a-107b0fd68122,3072,3072,0 1 eNoLCAgIsAQABJ4Beg==
58fb0147-6507-47cf-828b-b7dfba26f3d5,2048,2048,0 1 eNoLCAgIMAEABJkBdQ==
59068890-d776-4561-98a4-74fb0ba40b9c,2048,2048,0 1 eNoLCAgIMAEABJkBdQ==
590f9fc5-4fa3-4b53-9797-d40e91f45f38,2048,2048,0 1 eNoLCAgIMAEABJkBdQ==
59636bb9-05fd-4d3e-ac4c-dd2ba7799dd0,2048,2048,0 1 eNoLCAgIMAEABJkBdQ==
59652c48-0b9d-4cad-b569-3373c138818b,3072,3072,0 1 eNoLCAgIsAQABJ4Beg==
598e782d-75b9-43bf-8697-77bf1c666188,2048,2048,0 1 eNoLCAgIMAEABJkBdQ==
5af9bb81-719a-4374-9a12-5e5665329df6,1728,1728,0 1 eNoLCAjJNgIABNkBkg==
5b9706dc-d548-4026-862f-b9ca6fda7372,2048,2048,0 1 eNoLCAgIMAEABJkBdQ==
5babfefe-9df9-42d5-b1ca-44128d97fc45,2048,2048,0 1 eNoLCAgIMAEABJkBdQ==
5bae5ed1-56b3-4033-8eda-7fa269ba51f6,2048,2048,0 1 eNoLCAgIMAEABJkBdQ==
5d7e25f7-4d52-4878-b873-1ec36549c71a,2048,2048,0 1 eNoLCAgIMAEABJkBdQ==
5dcbd7b3-f54f-4a95-b693-6933960f9445,2048,2048,0 1 eNoLCAgIMAEABJkBdQ==
5dda7aaf-98cc-40c8-b596-0fc2d4bad877,2048,2048,0 1 eNoLCAgIMAEABJkBdQ==
5e26e332-d22a-4720-adca-1359835c031f,3072,3072,0 1 eNoLCAgIsAQABJ4Beg==
5e536344-f67a-4667-8204-507ed93ff3f4,2048,2048,0 1 eNoLCAgIMAEABJkBdQ==
5e719416-a904-43e6-9828-6d68fb1f1e3d,2048,2048,0 1 eNoLCAgIMAEABJkBdQ==
5e7eacbe-6489-42ff-a953-7dbf6e3426bf,2048,2048,0 1 eNoLCAgIMAEABJkBdQ==
5e817327-e3cf-4ecd-bad4-34e5dda21cdb,2048,2048,0 1 eNoLCAgIMAEABJkBdQ==
5ee6f6d7-c56f-4e2e-8f1d-90cef1646a42,2048,2048,0 1 eNoLCAgIMAEABJkBdQ==
5eedf48e-cee2-4df8-a934-c39a16f77255,2048,2048,0 1 eNoLCAgIMAEABJkBdQ==
5f0a433e-f175-4ba7-9e42-7a77b21f4bb7,2048,2048,0 1 eNoLCAgIMAEABJkBdQ==
5f4e4f65-b0b3-418f-8ddf-b7f63bdca09b,2048,2048,0 1 eNoLCAgIMAEABJkBdQ==
5fa07ca5-de43-43ff-92a7-819904c8b63c,3072,3072,0 1 eNoLCAgIsAQABJ4Beg==
607dfb58-9165-4f87-b9f6-76ae3db2aaf4,2048,2048,0 1 eNoLCAgIMAEABJkBdQ==
62192c5e-9a7e-4b7e-ba92-b6b5220d2fd1,2048,2048,0 1 eNoLCAgIMAEABJkBdQ==
6220622a-b7e6-47c7-bdfa-2dfe650771b2,2048,2048,0 1 eNoLCAgIMAEABJkBdQ==
6367c9fd-073b-43c4-afe9-6dcd4ebba1da,2048,2048,0 1 eNoLCAgIMAEABJkBdQ==
64d41f90-e46e-4122-90e3-42a4f2ac2937,2048,2048,0 1 eNoLCAgIMAEABJkBdQ==
660a1029-2bc2-4dd3-8bb9-5b76fee7c832,2048,2048,0 1 eNoLCAgIMAEABJkBdQ==
662d092f-ae4a-411a-9c4e-b1b9ce3f5196,1728,1728,0 1 eNoLCAjJNgIABNkBkg==
66382cfa-8da3-49e1-a57b-61ef7794f23f,2048,2048,0 1 eNoLCAgIMAEABJkBdQ==
6652289f-2eab-450c-8c9b-5ef0d48329a1,2048,2048,0 1 eNoLCAgIMAEABJkBdQ==
6699917c-e2f7-4b95-b130-356725d39346,2048,2048,0 1 eNoLCAgIMAEABJkBdQ==
66bf7ad9-9520-4ce1-8d27-ba882f701bbd,2048,2048,0 1 eNoLCAgIMAEABJkBdQ==
66db0c73-246b-4a21-bb77-ada5acf2692d,1728,1728,0 1 eNoLCAjJNgIABNkBkg==
66f72960-69fb-4c28-a58d-ca4a726b9985,2048,2048,0 1 eNoLCAgIMAEABJkBdQ==
67066543-8e88-404f-a105-9ff5bdc359b7,3072,3072,0 1 eNoLCAgIsAQABJ4Beg==
6770a219-1211-4807-a29d-d27a9e727add,2048,2048,0 1 eNoLCAgIMAEABJkBdQ==
67ff4e10-fc8e-46bc-b323-9c550e630c8d,1728,1728,0 1 eNoLCAjJNgIABNkBkg==
690bd266-6160-4909-99d4-e64ca2e6980e,2048,2048,0 1 eNoLCAgIMAEABJkBdQ==
69cf4292-34a0-47ef-9bd1-409402854289,3072,3072,0 1 eNoLCAgIsAQABJ4Beg==
6b81c256-d2c3-48a6-936a-ad4f92dcd8bf,2048,2048,0 1 eNoLCAgIMAEABJkBdQ==
6c3f08e3-e7d6-4cb8-8684-834a021cba03,2048,2048,0 1 eNoLCAgIMAEABJkBdQ==
6cf4215f-e14b-4a33-8a2b-32ccd8c2e49a,2048,2048,0 1 eNoLCAgIMAEABJkBdQ==
6e372919-71d3-4f29-ae63-b62a0d234fb8,2048,2048,0 1 eNoLCAgIMAEABJkBdQ==
6e3d37c7-12e9-4389-8682-70c3e11dac03,2048,2048,0 1 eNoLCAgIMAEABJkBdQ==
6ed41286-3b80-4c5f-bc81-2f394ebb1cdf,2048,2048,0 1 eNoLCAgIMAEABJkBdQ==
6fb09267-c6ae-4472-896e-b922870ba7e0,1728,1728,0 1 eNoLCAjJNgIABNkBkg==
6fb43782-c679-44bc-9130-7e8ddb401711,2048,2048,0 1 eNoLCAgIMAEABJkBdQ==
6fdc9830-b583-4195-8980-39a01215999a,2048,2048,0 1 eNoLCAgIMAEABJkBdQ==
718bdfa2-537a-4e1a-bcda-d7ff37d9b5c1,2048,2048,0 1 eNoLCAgIMAEABJkBdQ==
71b7eb37-d40b-493c-baf7-c63d9ac3c61e,2048,2048,0 1 eNoLCAgIMAEABJkBdQ==
71dfd2f0-e1fc-4fc8-8c67-74244d1b9a62,2048,2048,0 1 eNoLCAgIMAEABJkBdQ==
7220d1d6-8337-4311-ac67-e612af68c90c,2048,2048,0 1 eNoLCAgIMAEABJkBdQ==
724c3309-9d9e-494c-8034-eb5d79f1ecbb,2048,2048,0 1 eNoLCAgIMAEABJkBdQ==
7297c36b-920a-49e4-a901-a6ba55fc5947,2048,2048,0 1 eNoLCAgIMAEABJkBdQ==
72ca5902-b93c-4174-b335-bf193b534956,2048,2048,0 1 eNoLCAgIMAEABJkBdQ==
74ddbf26-f25c-459b-96ba-9541b5e935ee,2048,2048,0 1 eNoLCAgIMAEABJkBdQ==
7577c1c0-2395-436f-837e-1df2d22d1240,2048,2048,0 1 eNoLCAgIMAEABJkBdQ==
75bf5e12-29d3-4a69-bf49-c7fb7fff2996,1728,1728,0 1 eNoLCAjJNgIABNkBkg==
7636f1c4-d81b-467d-aeac-0f9d4048a655,2048,2048,0 1 eNoLCAgIMAEABJkBdQ==
76537c66-3d65-4eb5-855f-dc80a7d7e880,2048,2048,0 1 eNoLCAgIMAEABJkBdQ==
78c2dcc6-f7ed-4c89-aa2b-53dcf7b9e601,1728,1728,0 1 eNoLCAjJNgIABNkBkg==
791480d2-18ab-4077-b9a8-13e620a15b5c,2048,2048,0 1 eNoLCAgIMAEABJkBdQ==
7aaf2b13-4502-4c2a-a16b-62a2ec11c853,2048,2048,0 1 eNoLCAgIMAEABJkBdQ==
7b5e40b3-aa76-4e7c-a6c6-b1e5ebb8d807,2048,2048,0 1 eNoLCAgIMAEABJkBdQ==
7c56dcfc-f5d3-4995-ab4a-0c05522533e0,2048,2048,0 1 eNoLCAgIMAEABJkBdQ==
7ca5f161-cbe7-4c9c-90f6-0c51a7c260f4,1728,1728,0 1 eNoLCAjJNgIABNkBkg==
7cde5902-bab9-4245-b4b0-7cf04e1875be,1728,1728,0 1 eNoLCAjJNgIABNkBkg==
7d99d20b-454e-4c00-80e3-3860772cee46,2048,2048,0 1 eNoLCAgIMAEABJkBdQ==
7ecb1354-6c90-4992-9476-a54b2ba2e2e9,2048,2048,0 1 eNoLCAgIMAEABJkBdQ==
7efb8d74-d92e-4396-a6f7-d15bcca6f12a,2048,2048,0 1 eNoLCAgIMAEABJkBdQ==
7f7e0904-5793-4741-920d-8b3697a14983,2048,2048,0 1 eNoLCAgIMAEABJkBdQ==
7fa24a61-192c-4591-92c1-e9d7255c9554,2048,2048,0 1 eNoLCAgIMAEABJkBdQ==
7fa8b220-ca07-47d4-addb-e9e0bd56fb29,2048,2048,0 1 eNoLCAgIMAEABJkBdQ==
7fbf2271-6038-48b0-8750-b910a596affe,2048,2048,0 1 eNoLCAgIMAEABJkBdQ==
7fde673a-7cbd-4edd-901a-ba47035a727f,2048,2048,0 1 eNoLCAgIMAEABJkBdQ==
7fe7ab5e-728b-454e-9bcf-1ec2d9cece5b,2048,2048,0 1 eNoLCAgIMAEABJkBdQ==
8071c29b-59e8-4c8a-a655-c60bc820deaa,2048,2048,0 1 eNoLCAgIMAEABJkBdQ==
80a2d076-5d07-419c-aa6c-ae60d5644d1c,2048,2048,0 1 eNoLCAgIMAEABJkBdQ==
80d3deaa-4f90-46be-a3bd-5b9561d6b165,2048,2048,0 1 eNoLCAgIMAEABJkBdQ==
80fd429c-03d9-4c2c-ae7a-c24352509c25,2048,2048,0 1 eNoLCAgIMAEABJkBdQ==
80fe02e0-0bd9-4a97-ada4-a87765d7fbd6,2048,2048,0 1 eNoLCAgIMAEABJkBdQ==
8191f211-9fe0-4d8c-bf94-053522258353,2048,2048,0 1 eNoLCAgIMAEABJkBdQ==
81edc9c5-a61a-4034-845f-974b51809bd4,3072,3072,0 1 eNoLCAgIsAQABJ4Beg==
8220ce00-b9f4-48d4-8244-8802b6eab864,2048,2048,0 1 eNoLCAgIMAEABJkBdQ==
82366267-3fd4-4214-9e46-e3789a591d80,2048,2048,0 1 eNoLCAgIMAEABJkBdQ==
824cf8d8-1854-4e7b-b138-b7b56830350e,2048,2048,0 1 eNoLCAgIMAEABJkBdQ==
8277eafd-f250-4abd-956b-c2b7d2b4065c,2048,2048,0 1 eNoLCAgIMAEABJkBdQ==
828927e2-84f2-42bf-b62b-be90b7eacd6f,1728,1728,0 1 eNoLCAjJNgIABNkBkg==
82ba532c-b3da-4f53-bc64-32d50af5f5f2,2048,2048,0 1 eNoLCAgIMAEABJkBdQ==
83805388-0144-4a28-b01c-0dc9b2a80d7e,2048,2048,0 1 eNoLCAgIMAEABJkBdQ==
83b83c9e-324f-4f4d-8cc0-d384482ef36c,2048,2048,0 1 eNoLCAgIMAEABJkBdQ==
83d15040-b478-4573-9e19-67f822151993,2048,2048,0 1 eNoLCAgIMAEABJkBdQ==
84156bfd-d57d-4246-8501-a9b08d49aa85,2048,2048,0 1 eNoLCAgIMAEABJkBdQ==
8471cdd3-d439-41f7-9400-61659237043b,2048,2048,0 1 eNoLCAgIMAEABJkBdQ==
84895b21-d582-4fc8-b8a4-7ffcbab587a8,3072,3072,0 1 eNoLCAgIsAQABJ4Beg==
84f8e59d-bb60-40ae-bb2a-37c3a7a844e0,2048,2048,0 1 eNoLCAgIMAEABJkBdQ==
85222849-a8e8-4f6a-9fe7-22d997c76157,2048,2048,0 1 eNoLCAgIMAEABJkBdQ==
85cc41c1-ebed-4fdc-b612-4f3acaea96f9,2048,2048,0 1 eNoLCAgIMAEABJkBdQ==
878ca05e-65ac-4b7c-a2bc-acf338702619,2048,2048,0 1 eNoLCAgIMAEABJkBdQ==
87ebd928-5646-41b6-ad78-b07319a5e110,2048,2048,0 1 eNoLCAgIMAEABJkBdQ==
88ab1124-747c-4c29-bda4-166211c7109d,2048,2048,0 1 eNoLCAgIMAEABJkBdQ==
88fcdbef-cac1-4990-adda-6c0935610aa2,1728,1728,0 1 eNoLCAjJNgIABNkBkg==
8959efcc-75e9-4cf3-b35d-d9fd7eab88cc,1728,1728,0 1 eNoLCAjJNgIABNkBkg==
89754d37-1d55-4e5a-9e33-bde4148c0c4b,1728,1728,0 1 eNoLCAjJNgIABNkBkg==
8a68d8d0-7a1f-4a1a-8da6-2da5834aad8a,2048,2048,0 1 eNoLCAgIMAEABJkBdQ==
8aa0e43d-0815-4360-b45c-5f3d89b0b6d2,2048,2048,0 1 eNoLCAgIMAEABJkBdQ==
8adb17b7-ce2c-4721-bf34-c1806c72b4d4,2048,2048,0 1 eNoLCAgIMAEABJkBdQ==
8b01accc-0648-44ad-b12c-31f6d5a74073,2048,2048,0 1 eNoLCAgIMAEABJkBdQ==
8b35b194-23d9-441b-8065-0920589d73c2,2048,2048,0 1 eNoLCAgIMAEABJkBdQ==
8b6e2195-8658-4262-aa21-4bb769fe2b9f,2048,2048,0 1 eNoLCAgIMAEABJkBdQ==
8bd69977-ac4f-4114-810d-d656f782da25,2048,2048,0 1 eNoLCAgIMAEABJkBdQ==
8d477a7e-9352-41a6-b3e1-443b68706399,2048,2048,0 1 eNoLCAgIMAEABJkBdQ==
8e91b61f-7b9e-4dc4-bfc7-c133bdb46c94,2048,2048,0 1 eNoLCAgIMAEABJkBdQ==
8eebdf28-bd80-4fb3-bfc4-9343cb0f1f94,2048,2048,0 1 eNoLCAgIMAEABJkBdQ==
8f30b9ab-87c4-4b9d-b009-ad39a94dcb4b,2048,2048,0 1 eNoLCAgIMAEABJkBdQ==
8f753fd4-d0fe-489a-9a36-79efee45bf6b,2048,2048,0 1 eNoLCAgIMAEABJkBdQ==
8fa4b738-b980-4f76-9ea1-1bb838e760f4,2048,2048,0 1 eNoLCAgIMAEABJkBdQ==
8fd091d7-9538-414e-9dfd-a0879cbad644,2048,2048,0 1 eNoLCAgIMAEABJkBdQ==
90113ead-65a2-4720-b671-d3a39189944c,2048,2048,0 1 eNoLCAgIMAEABJkBdQ==
904a8ff0-87b1-4354-bb17-b09e928006b4,1728,1728,0 1 eNoLCAjJNgIABNkBkg==
909a6fb9-9825-4d3c-92ab-202fd75ef247,2048,2048,0 1 eNoLCAgIMAEABJkBdQ==
918d8bc5-2ac9-449f-ac19-342c84225c34,2048,2048,0 1 eNoLCAgIMAEABJkBdQ==
92cccd0a-8a4a-49bd-9b71-149ff15057b7,2048,2048,0 1 eNoLCAgIMAEABJkBdQ==
92dc75bb-f70d-474b-9c05-8dd8444c8d1a,2048,2048,0 1 eNoLCAgIMAEABJkBdQ==
92ec1107-d1f7-4dc3-8b83-642ec156b24d,2048,2048,0 1 eNoLCAgIMAEABJkBdQ==
93bc5bb8-c24e-4fb1-afac-ed142f3d0f7a,3072,3072,0 1 eNoLCAgIsAQABJ4Beg==
956becab-a340-42df-879e-630594d5ffcc,2048,2048,0 1 eNoLCAgIMAEABJkBdQ==
95f9c9ec-72be-4bf1-9a4c-6794ffaacc20,2048,2048,0 1 eNoLCAgIMAEABJkBdQ==
96050073-18cb-4dc6-bcd0-3081ac10c589,2048,2048,0 1 eNoLCAgIMAEABJkBdQ==
97c9926c-b4c7-4c8d-aebd-12e72c94040c,2048,2048,0 1 eNoLCAgIMAEABJkBdQ==
987a27d8-7726-45f7-91ad-7124f8a26ea0,2048,2048,0 1 eNoLCAgIMAEABJkBdQ==
98d73145-885b-4d1c-97cf-17a8bc07a2e7,2048,2048,0 1 eNoLCAgIMAEABJkBdQ==
98d86ce7-9ea6-4def-a161-cba52833cc76,2048,2048,0 1 eNoLCAgIMAEABJkBdQ==
994b5f85-52a3-41ca-9efc-f06dff017678,2048,2048,0 1 eNoLCAgIMAEABJkBdQ==
995a8045-d38a-491e-aa26-85c02ecaf81e,1728,1728,0 1 eNoLCAjJNgIABNkBkg==
9976bde1-36b0-496e-9037-fe0a1eb4861f,2048,2048,0 1 eNoLCAgIMAEABJkBdQ==
99a6dd01-83ae-4057-b026-25e50767ad9f,3072,3072,0 1 eNoLCAgIsAQABJ4Beg==
99c658eb-d1ca-4d5f-ac60-728948408473,2048,2048,0 1 eNoLCAgIMAEABJkBdQ==
99e874e4-9d79-43b2-832c-dd890b4c8fd8,2048,2048,0 1 eNoLCAgIMAEABJkBdQ==
9a10e2c4-e7ed-41c3-b710-8ca0066a984d,1728,1728,0 1 eNoLCAjJNgIABNkBkg==
9a39e0e1-a1b8-4313-a931-f30bfe246f39,2048,2048,0 1 eNoLCAgIMAEABJkBdQ==
9af2791e-82c0-4ac0-a77f-17d8ad58989b,2048,2048,0 1 eNoLCAgIMAEABJkBdQ==
9b1d4b27-6946-4b86-a818-8e91029c3dfa,1728,1728,0 1 eNoLCAjJNgIABNkBkg==
9b23b3e2-07d6-432c-92ab-3710f1b724d0,2048,2048,0 1 eNoLCAgIMAEABJkBdQ==
9bbf402d-876e-4b4c-b308-0e48ddd1d199,1728,1728,0 1 eNoLCAjJNgIABNkBkg==
9d1dc997-ba2c-42a1-b06c-92ee3cba115f,2048,2048,0 1 eNoLCAgIMAEABJkBdQ==
9dc9c2a3-eaab-47e4-a966-fe6b381e750e,2048,2048,0 1 eNoLCAgIMAEABJkBdQ==
9ddb5cd9-08f6-4696-9ca2-22c14b34c5df,2048,2048,0 1 eNoLCAgIMAEABJkBdQ==
9e08c0fb-3e42-438f-ab19-19e5c0a254e6,2048,2048,0 1 eNoLCAgIMAEABJkBdQ==
9e75a6ad-3bcb-446e-a197-74df26f4de0d,2048,2048,0 1 eNoLCAgIMAEABJkBdQ==
9eadf64a-af34-4192-ab12-478b90a57a95,2048,2048,0 1 eNoLCAgIMAEABJkBdQ==
9ef19ed1-2502-4039-b13d-bd518df3b0b7,2048,2048,0 1 eNoLCAgIMAEABJkBdQ==
9f3eb308-2dc2-469a-848a-5ae63e9d8f08,2048,2048,0 1 eNoLCAgIMAEABJkBdQ==
9fc74831-2bc0-4ad2-b75a-d3bf1fcbce0a,2048,2048,0 1 eNoLCAgIMAEABJkBdQ==
a2ddb268-7546-47dc-bb97-487e57ab1003,2048,2048,0 1 eNoLCAgIMAEABJkBdQ==
a3352ae8-9bd7-49d7-9152-4ef30c6d73ee,2048,2048,0 1 eNoLCAgIMAEABJkBdQ==
a3b759f2-08ac-4871-baad-d2f2b4486310,2048,2048,0 1 eNoLCAgIMAEABJkBdQ==
a4508e8b-f8f7-49b4-9a29-535468b27dff,1728,1728,0 1 eNoLCAjJNgIABNkBkg==
a4a6e1d3-4876-4991-b3e2-93dbe379c983,2048,2048,0 1 eNoLCAgIMAEABJkBdQ==
a4d32fd3-b974-4e15-afcd-82c7fadda7e9,2048,2048,0 1 eNoLCAgIMAEABJkBdQ==
a5299382-fb55-4a4a-aa4e-89789edf3d5c,2048,2048,0 1 eNoLCAgIMAEABJkBdQ==
a74f8346-39e8-4b4e-ad52-a998d52af16d,2048,2048,0 1 eNoLCAgIMAEABJkBdQ==
a755bfb5-00b4-4740-88f1-534b5a99fdff,2048,2048,0 1 eNoLCAgIMAEABJkBdQ==
a76c0f31-59f7-419a-ab1e-a0a5b8a855e1,2048,2048,0 1 eNoLCAgIMAEABJkBdQ==
a7bd9acf-269b-4dc9-8229-3f102bc6c43b,2048,2048,0 1 eNoLCAgIMAEABJkBdQ==
a86f33e1-1af8-457e-9df5-e54bcac5d7e8,2048,2048,0 1 eNoLCAgIMAEABJkBdQ==
a86f94d0-ccb0-478e-b4e3-1615b25de385,2048,2048,0 1 eNoLCAgIMAEABJkBdQ==
a8c26682-ca24-4c61-ba8a-bfd92e308f39,2048,2048,0 1 eNoLCAgIMAEABJkBdQ==
a951e8c5-8e1a-413e-b1be-bbd7d445a986,1728,1728,0 1 eNoLCAjJNgIABNkBkg==
a98c8936-32a9-4aae-9ebf-9d95466f2856,2048,2048,0 1 eNoLCAgIMAEABJkBdQ==
aa0b1e1c-f014-4094-b3fa-d905705dcbd7,2048,2048,0 1 eNoLCAgIMAEABJkBdQ==
acb00930-f933-4ef7-b4ec-61225a8aba94,2048,2048,0 1 eNoLCAgIMAEABJkBdQ==
acb8abbe-f34a-43b5-8073-f11ead70b7cb,2048,2048,0 1 eNoLCAgIMAEABJkBdQ==
ae5710a8-9e14-4b9d-8535-2a2e1a05df9d,1728,1728,0 1 eNoLCAjJNgIABNkBkg==
af3cb5c5-bd56-49c2-ac02-2a91178f5ac4,2048,2048,0 1 eNoLCAgIMAEABJkBdQ==
af650e14-9473-4691-b1aa-e1797607cd1f,2048,2048,0 1 eNoLCAgIMAEABJkBdQ==
af6c4ae3-4108-4168-b9a6-6dc8d0278d4a,2048,2048,0 1 eNoLCAgIMAEABJkBdQ==
af7d5a9f-285e-4dda-b4ed-92880fa45aa6,2048,2048,0 1 eNoLCAgIMAEABJkBdQ==
b0048f41-97b2-4f9e-b8d6-a69b2057a3b9,2048,2048,0 1 eNoLCAgIMAEABJkBdQ==
b066cdd1-09ad-45d3-863c-2980858a1c5e,2048,2048,0 1 eNoLCAgIMAEABJkBdQ==
b15e8cd0-9fb4-48e7-aa59-e7a370ef2a04,2048,2048,0 1 eNoLCAgIMAEABJkBdQ==
b162fe86-7438-4c08-978f-3bd48c737684,2048,2048,0 1 eNoLCAgIMAEABJkBdQ==
b1bf4996-3887-4f1b-8ec9-6783742dc4c5,2048,2048,0 1 eNoLCAgIMAEABJkBdQ==
b1f89a62-f22a-48c4-a1e0-892cb4f86b3c,2048,2048,0 1 eNoLCAgIMAEABJkBdQ==
b215f117-4700-41a1-af2d-6ad73a74385e,2048,2048,0 1 eNoLCAgIMAEABJkBdQ==
b2182310-502b-438c-b483-02526f7785ca,2048,2048,0 1 eNoLCAgIMAEABJkBdQ==
b2576a90-f01f-4300-9729-5ed381d45c95,2048,2048,0 1 eNoLCAgIMAEABJkBdQ==
b25d1448-86e0-4daa-b4e7-44d645825957,2048,2048,0 1 eNoLCAgIMAEABJkBdQ==
b32e04f5-0283-426f-b8ce-20ca1cef6407,2048,2048,0 1 eNoLCAgIMAEABJkBdQ==
b33829ee-b0c7-4e1c-b182-a4491f194638,2048,2048,0 1 eNoLCAgIMAEABJkBdQ==
b36e3727-6b72-4f1d-bc92-5110e2649f05,1728,1728,0 1 eNoLCAjJNgIABNkBkg==
b3f97c88-5de4-48f5-a524-440010fcfc5e,2048,2048,0 1 eNoLCAgIMAEABJkBdQ==
b4298d76-5a7e-4d11-a087-dda2a22ceb74,2048,2048,0 1 eNoLCAgIMAEABJkBdQ==
b57ebf0b-fc7c-4691-b3e2-263e9d3f2e17,2048,2048,0 1 eNoLCAgIMAEABJkBdQ==
b6cc73bd-a46c-43f7-9bf9-24dd20d9f1f2,2048,2048,0 1 eNoLCAgIMAEABJkBdQ==
b6fac394-325f-4c94-9e9e-8d568f227089,2048,2048,0 1 eNoLCAgIMAEABJkBdQ==
b704a5e9-8948-43b3-a296-5364650ecd0b,2048,2048,0 1 eNoLCAgIMAEABJkBdQ==
b714a64f-5927-4e03-a262-f7bdf78d0585,2048,2048,0 1 eNoLCAgIMAEABJkBdQ==
b7ac1cda-3d94-4d11-90c8-44aec49c27d5,2048,2048,0 1 eNoLCAgIMAEABJkBdQ==
b7bbe19b-34bb-4297-a546-425fa9cbce0e,1728,1728,0 1 eNoLCAjJNgIABNkBkg==
b8442d0e-5f44-4719-a056-16733cd4b0fb,2048,2048,0 1 eNoLCAgIMAEABJkBdQ==
b8a0356d-3f6d-4609-a972-a32be32aa513,2048,2048,0 1 eNoLCAgIMAEABJkBdQ==
b8b30645-3943-46f7-8205-7592e38b20d0,2048,2048,0 1 eNoLCAgIMAEABJkBdQ==
b8b5f134-bcd7-44ee-b181-70bc9bc7fc22,2048,2048,0 1 eNoLCAgIMAEABJkBdQ==
b8c47cef-9d2f-494c-b5e2-6bcafce77a6e,2048,2048,0 1 eNoLCAgIMAEABJkBdQ==
b8cd2025-6a58-40bb-8b5c-98d3c7abd0b8,2048,2048,0 1 eNoLCAgIMAEABJkBdQ==
b8d148fc-78d8-4755-a577-135f89cee895,2048,2048,0 1 eNoLCAgIMAEABJkBdQ==
b908f07e-ac25-4e27-b07b-5f9909df42a7,2048,2048,0 1 eNoLCAgIMAEABJkBdQ==
b95ba845-7a57-4cf2-9f89-171e04b44518,2048,2048,0 1 eNoLCAgIMAEABJkBdQ==
b97ad374-8f75-4d98-9696-08fb31760e41,2048,2048,0 1 eNoLCAgIMAEABJkBdQ==
b9d800e2-e8d3-42d6-a023-8ed2d9b3c00f,2048,2048,0 1 eNoLCAgIMAEABJkBdQ==
bbbf3ed2-5bc4-4e64-ad25-52e3c77808d7,2048,2048,0 1 eNoLCAgIMAEABJkBdQ==
bbecc719-f55f-4c78-ad74-737370a09678,2048,2048,0 1 eNoLCAgIMAEABJkBdQ==
bcd73d2f-4d30-48ac-b428-a50798313048,2048,2048,0 1 eNoLCAgIMAEABJkBdQ==
bcdcefda-67aa-4656-b152-a80bebd7d692,2048,2048,0 1 eNoLCAgIMAEABJkBdQ==
bd16688c-71f5-4d18-a06e-f707405a35b7,2048,2048,0 1 eNoLCAgIMAEABJkBdQ==
bd2b4e56-c333-461b-81b9-3ebed7402815,2048,2048,0 1 eNoLCAgIMAEABJkBdQ==
bd651304-74f9-4172-b753-281c22eeea51,2048,2048,0 1 eNoLCAgIMAEABJkBdQ==
bd661fb6-95bf-46fa-a884-fcc56c24e993,1728,1728,0 1 eNoLCAjJNgIABNkBkg==
be61ed55-4575-4546-8f52-274776aa0203,2048,2048,0 1 eNoLCAgIMAEABJkBdQ==
bea8a86e-c5cd-4904-badd-c3b2857ce8d6,2048,2048,0 1 eNoLCAgIMAEABJkBdQ==
bf06239b-7eea-43a3-b984-40bf43645857,2048,2048,0 1 eNoLCAgIMAEABJkBdQ==
bfda20f1-0178-4a53-806b-babea0e95023,2048,2048,0 1 eNoLCAgIMAEABJkBdQ==
c0d7386b-07aa-433d-882c-8aff774dcdfb,2048,2048,0 1 eNoLCAgIMAEABJkBdQ==
c1013767-d0d6-42d0-be85-17e6de55e3ae,2048,2048,0 1 eNoLCAgIMAEABJkBdQ==
c11ebeea-fbf8-4e6c-9817-3615b5e7a97e,1728,1728,0 1 eNoLCAjJNgIABNkBkg==
c1323b4f-a26c-416b-84f6-2d7e951c1ed3,2048,2048,0 1 eNoLCAgIMAEABJkBdQ==
c20fd2b4-7ac9-4d1c-8348-9228bc8be862,2048,2048,0 1 eNoLCAgIMAEABJkBdQ==
c212ddc9-29a7-40c3-ad66-97952378b0c6,2048,2048,0 1 eNoLCAgIMAEABJkBdQ==
c23ae8bf-a17b-49ee-aafb-efddf679c7fd,2048,2048,0 1 eNoLCAgIMAEABJkBdQ==
c277b921-e579-458b-b41b-1f1cf5b5023d,3072,3072,0 1 eNoLCAgIsAQABJ4Beg==
c2f10f94-1351-42d8-ba4d-428ac5f21211,2048,2048,0 1 eNoLCAgIMAEABJkBdQ==
c2f5f8a4-0137-4007-b1bf-64dc1b97be83,2048,2048,0 1 eNoLCAgIMAEABJkBdQ==
c45a0df5-80e4-47bd-833b-4fdb489022af,2048,2048,0 1 eNoLCAgIMAEABJkBdQ==
c4739d58-e56e-4b62-a8d9-a64bebdbc1c2,2048,2048,0 1 eNoLCAgIMAEABJkBdQ==
c5319b02-c0dd-4863-9980-9f0649394682,2048,2048,0 1 eNoLCAgIMAEABJkBdQ==
c54ebc44-62f3-4914-90de-467168a2d548,2048,2048,0 1 eNoLCAgIMAEABJkBdQ==
c5797c0a-62a1-43ff-8d38-1731c48ee2d0,2048,2048,0 1 eNoLCAgIMAEABJkBdQ==
c6379d83-6b05-4a29-8f56-05a381d94d2a,3072,3072,0 1 eNoLCAgIsAQABJ4Beg==
c63bfd23-a760-44dc-b6a6-2f40ac3b1855,2048,2048,0 1 eNoLCAgIMAEABJkBdQ==
c7276347-3e4a-49ee-928c-501325a6041b,2048,2048,0 1 eNoLCAgIMAEABJkBdQ==
c7360b95-bb35-452c-ad2c-2693aba7c38c,2048,2048,0 1 eNoLCAgIMAEABJkBdQ==
c7b32b2b-1323-4cce-92a7-3433ae81dfc8,2048,2048,0 1 eNoLCAgIMAEABJkBdQ==
c8504ed6-940e-440d-baff-d234d32488b7,2048,2048,0 1 eNoLCAgIMAEABJkBdQ==
c89b2a8b-c2fd-4bc1-abcc-6528706f6f8e,1728,1728,0 1 eNoLCAjJNgIABNkBkg==
c92c74a3-bbd6-4623-b3f8-70951bae5e55,2048,2048,0 1 eNoLCAgIMAEABJkBdQ==
c9afced0-8222-41ba-9754-a2448b9109f1,2048,2048,0 1 eNoLCAgIMAEABJkBdQ==
ca01fc73-a926-4911-8d34-571a519a9fbb,1728,1728,0 1 eNoLCAjJNgIABNkBkg==
ca0c64e9-880d-44b0-b373-1d4113cae189,2048,2048,0 1 eNoLCAgIMAEABJkBdQ==
cb484f82-5226-47f7-925a-7c0950d9b74f,3072,3072,0 1 eNoLCAgIsAQABJ4Beg==
cb72042a-47d1-404a-8b9f-f12b5680ab0d,2048,2048,0 1 eNoLCAgIMAEABJkBdQ==
cc10201a-659e-48b3-880f-2650009b187a,2048,2048,0 1 eNoLCAgIMAEABJkBdQ==
cc589ecb-47b4-46b0-af76-098c7e39dbb0,2048,2048,0 1 eNoLCAgIMAEABJkBdQ==
cc6f54e0-d9dc-4845-8142-8a92b0e079a8,1728,1728,0 1 eNoLCAjJNgIABNkBkg==
cd65456d-cdf6-4f99-805d-bfb85c881b24,2048,2048,0 1 eNoLCAgIMAEABJkBdQ==
cda406d5-178a-4011-b4cc-389ded4dcf27,3072,3072,0 1 eNoLCAgIsAQABJ4Beg==
cde8ffb0-6765-46c7-839f-6cc4543beffb,2048,2048,0 1 eNoLCAgIMAEABJkBdQ==
ce8609b1-68b8-4455-b3d7-39b04e441db0,2048,2048,0 1 eNoLCAgIMAEABJkBdQ==
cee36bfb-c562-4ffc-9cd5-0e0cccf22786,1728,1728,0 1 eNoLCAjJNgIABNkBkg==
cf36f604-e24e-403a-bac0-c9efe2c90e58,2048,2048,0 1 eNoLCAgIMAEABJkBdQ==
d1b45fa3-731f-4a74-94e2-60fec11dd4d8,2048,2048,0 1 eNoLCAgIMAEABJkBdQ==
d2460faf-ec28-4804-9a02-25455ae14d0e,2048,2048,0 1 eNoLCAgIMAEABJkBdQ==
d267f38c-6235-4c37-8f7a-030801204342,3072,3072,0 1 eNoLCAgIsAQABJ4Beg==
d364e470-b270-4ae9-ad28-15281c470811,2048,2048,0 1 eNoLCAgIMAEABJkBdQ==
d394ed77-702c-472d-aceb-e1e37ea16796,2048,2048,0 1 eNoLCAgIMAEABJkBdQ==
d3a5b345-1f2f-450c-9971-e18a74b67e14,2048,2048,0 1 eNoLCAgIMAEABJkBdQ==
d41c82ba-14d4-480b-9180-5845907f6367,2048,2048,0 1 eNoLCAgIMAEABJkBdQ==
d430377a-b216-4c24-8cdc-7661541e0fb4,2048,2048,0 1 eNoLCAgIMAEABJkBdQ==
d468afa1-6436-4cde-85a2-610d8916ae39,2048,2048,0 1 eNoLCAgIMAEABJkBdQ==
d48f8a42-d427-45d4-a0fd-ce119ba654a7,3072,3072,0 1 eNoLCAgIsAQABJ4Beg==
d49b84bc-f963-4f8b-83e3-fae53a595beb,2048,2048,0 1 eNoLCAgIMAEABJkBdQ==
d65ded8b-c904-47dc-8a66-311bdd27a339,2048,2048,0 1 eNoLCAgIMAEABJkBdQ==
d6803b23-5e39-45fa-80fe-86766b6bad23,2048,2048,0 1 eNoLCAgIMAEABJkBdQ==
d6871bec-6180-4c00-b7e7-3fa0bfd447c2,2048,2048,0 1 eNoLCAgIMAEABJkBdQ==
d8617eb1-d78e-46a4-a763-3fb4ac6907a4,2048,2048,0 1 eNoLCAgIMAEABJkBdQ==
d8781d39-2ecf-43e9-b37c-bf8236def510,2048,2048,0 1 eNoLCAgIMAEABJkBdQ==
d924d58e-6894-45e0-b4c3-c37321336346,2048,2048,0 1 eNoLCAgIMAEABJkBdQ==
db601e28-125f-4fd4-9e18-ce35a6361b17,2048,2048,0 1 eNoLCAgIMAEABJkBdQ==
db83e12a-9856-441c-90d8-584a7dac1133,2048,2048,0 1 eNoLCAgIMAEABJkBdQ==
dcdfc60a-2ed9-49ce-99ec-6c51c4b655b2,1728,1728,0 1 eNoLCAjJNgIABNkBkg==
dd71b309-b9b8-458b-bbd4-f50b83320d94,2048,2048,0 1 eNoLCAgIMAEABJkBdQ==
dda879ad-51ce-4df7-b25e-647e5ee12c16,2048,2048,0 1 eNoLCAgIMAEABJkBdQ==
de428b5b-be56-461c-af25-b344cf25a275,2048,2048,0 1 eNoLCAgIMAEABJkBdQ==
deb2f5ad-46c2-4866-b11c-cdd42bdf1517,2048,2048,0 1 eNoLCAgIMAEABJkBdQ==
e0310356-9755-4eba-a823-af938ce6d1d1,2048,2048,0 1 eNoLCAgIMAEABJkBdQ==
e06dfa2f-8dcd-4744-8ec0-ecb8b7c17ae8,2048,2048,0 1 eNoLCAgIMAEABJkBdQ==
e098e268-5c5d-4219-b8da-8ee9f489f694,2048,2048,0 1 eNoLCAgIMAEABJkBdQ==
e0d010f7-41b3-49d0-8aa5-d322120973c3,2048,2048,0 1 eNoLCAgIMAEABJkBdQ==
e101ff0a-fe73-448c-b7eb-8f5c7fc4fee7,2048,2048,0 1 eNoLCAgIMAEABJkBdQ==
e158f4d2-5d70-42f9-a121-3c61fae7fc6c,2048,2048,0 1 eNoLCAgIMAEABJkBdQ==
e165aa0e-33c4-438e-9c50-4d1f73f1ec52,2048,2048,0 1 eNoLCAgIMAEABJkBdQ==
e2999d29-29e6-4dca-8b24-4f45d51e7ea7,2048,2048,0 1 eNoLCAgIMAEABJkBdQ==
e2ad9b15-daac-4903-94a1-f4aceba99627,2048,2048,0 1 eNoLCAgIMAEABJkBdQ==
e35b5b1e-4bff-49c7-97ca-603bb7d4cde7,3072,3072,0 1 eNoLCAgIsAQABJ4Beg==
e43e26e6-f2a9-487e-b975-deb068475f59,1728,1728,0 1 eNoLCAjJNgIABNkBkg==
e4f78081-36e2-4c73-9441-a8e0e24dc666,2048,2048,0 1 eNoLCAgIMAEABJkBdQ==
e50129f9-7d45-4997-a179-923f5b12f86b,2048,2048,0 1 eNoLCAgIMAEABJkBdQ==
e5858744-e8cd-4628-b7fd-61d2a624172b,2048,2048,0 1 eNoLCAgIMAEABJkBdQ==
e6017aa8-eff0-4d34-8ec6-7dca1df0d502,2048,2048,0 1 eNoLCAgIMAEABJkBdQ==
e742f216-62c8-40e3-b9b8-5e02d7689cdb,3072,3072,0 1 eNoLCAgIsAQABJ4Beg==
e78eba45-51e3-44fa-a238-c462f14baa62,2048,2048,0 1 eNoLCAgIMAEABJkBdQ==
e7c62588-9139-4d15-809a-e68855400872,2048,2048,0 1 eNoLCAgIMAEABJkBdQ==
e7e27559-47d8-4241-a740-1ad80ce00ef8,2048,2048,0 1 eNoLCAgIMAEABJkBdQ==
e8906577-b730-44e1-9863-7bbabab1e0c3,2048,2048,0 1 eNoLCAgIMAEABJkBdQ==
e8a1903a-6667-4992-9f93-e16e305256d6,3072,3072,0 1 eNoLCAgIsAQABJ4Beg==
e8e765a0-d951-4061-8d90-5bdc8f8a7c0a,3072,3072,0 1 eNoLCAgIsAQABJ4Beg==
e8f6cd1e-848a-49c8-a5a1-9231a0b4f4ef,3072,3072,0 1 eNoLCAgIsAQABJ4Beg==
e9235b27-6bc0-430f-bef4-e04e3e18c29d,2048,2048,0 1 eNoLCAgIMAEABJkBdQ==
e9322d6d-ce4f-475c-9d41-d8b9b1832780,2048,2048,0 1 eNoLCAgIMAEABJkBdQ==
ea91119b-021e-4376-9ec4-0a08867c221c,1728,1728,0 1 eNoLCAjJNgIABNkBkg==
eb3661c6-7658-4ae1-bf37-e20903351e30,2048,2048,0 1 eNoLCAgIMAEABJkBdQ==
ecc4e760-3e4d-4117-9341-d5a3dfa35e48,2048,2048,0 1 eNoLCAgIMAEABJkBdQ==
ecd81467-e191-4b3a-9df6-504ad1102990,2048,2048,0 1 eNoLCAgIMAEABJkBdQ==
ece15a09-e412-41dd-a066-d9334099d9b5,2048,2048,0 1 eNoLCAgIMAEABJkBdQ==
ee124c74-ede6-44e9-ba25-2c9c14c34229,2048,2048,0 1 eNoLCAgIMAEABJkBdQ==
ee6aa31c-a7c3-42b0-a5d1-bc85d7ea8390,2048,2048,0 1 eNoLCAgIMAEABJkBdQ==
ee7864a3-b5cb-4118-915a-a0008dd53d2e,2048,2048,0 1 eNoLCAgIMAEABJkBdQ==
ee78b665-8f04-4f38-b4b2-bfaa1323e517,2048,2048,0 1 eNoLCAgIMAEABJkBdQ==
eeacc360-879a-4cfb-8de5-2d889a50eeff,2048,2048,0 1 eNoLCAgIMAEABJkBdQ==
ef69344c-b038-4d4d-aabf-35816177aa2d,2048,2048,0 1 eNoLCAgIMAEABJkBdQ==
ef80deae-af0d-4e3d-8b36-43adfab6c030,2048,2048,0 1 eNoLCAgIMAEABJkBdQ==
ef8219b9-43bb-4286-9367-c5e7e2b95610,2048,2048,0 1 eNoLCAgIMAEABJkBdQ==
efafd969-9d69-4b59-ba61-2cd916df798b,2048,2048,0 1 eNoLCAgIMAEABJkBdQ==
efdb3b26-63ef-4c8a-8750-ce9fdfb26b5e,2048,2048,0 1 eNoLCAgIMAEABJkBdQ==
effb9cf8-fa56-4916-8fd3-ce19f1c0747f,1728,1728,0 1 eNoLCAjJNgIABNkBkg==
f070858f-83bf-4c16-9e8e-f220123d4aac,2048,2048,0 1 eNoLCAgIMAEABJkBdQ==
f1db4b8d-a5c4-435c-a74d-53c2892c611f,2048,2048,0 1 eNoLCAgIMAEABJkBdQ==
f2338d73-448d-47c1-ace9-7f16cb3c8c38,1728,1728,0 1 eNoLCAjJNgIABNkBkg==
f2717410-9058-4825-bd34-ef87de0d5118,2048,2048,0 1 eNoLCAgIMAEABJkBdQ==
f3bd65ef-915f-4248-8dae-59a635884e4a,2048,2048,0 1 eNoLCAgIMAEABJkBdQ==
f425007d-0c96-4fdb-8f05-dd398a51c22d,2048,2048,0 1 eNoLCAgIMAEABJkBdQ==
f431f36c-45f1-49d1-a62f-ccf3d9098461,2048,2048,0 1 eNoLCAgIMAEABJkBdQ==
f4a7ef21-94ed-4db4-a578-6b1ee1228fe6,2048,2048,0 1 eNoLCAgIMAEABJkBdQ==
f507389c-71b9-4894-b420-4534ed2ee3cc,2048,2048,0 1 eNoLCAgIMAEABJkBdQ==
f519c39b-f609-4c1c-bc47-0695c0cd72be,2048,2048,0 1 eNoLCAgIMAEABJkBdQ==
f5701127-e4ce-47ef-b2af-7f4ff8471ea5,2048,2048,0 1 eNoLCAgIMAEABJkBdQ==
f5b93ac9-e8f5-4f77-8109-a3ed6a06363e,2048,2048,0 1 eNoLCAgIMAEABJkBdQ==
f5e9ac5f-a7f4-4460-b955-7bf0393a39a6,2048,2048,0 1 eNoLCAgIMAEABJkBdQ==
f67ce992-b3ca-4dac-b228-c38d28c580ec,2048,2048,0 1 eNoLCAgIMAEABJkBdQ==
f6fcc0e4-95c1-4b19-ad8f-45be8fc36059,2048,2048,0 1 eNoLCAgIMAEABJkBdQ==
f755d19e-f779-43ec-9c26-da63707e033c,1728,1728,0 1 eNoLCAjJNgIABNkBkg==
f7623bc9-2690-4922-a72d-06da8f9a5918,2048,2048,0 1 eNoLCAgIMAEABJkBdQ==
f7935f20-b3a7-4e80-9427-7d31ca5c4f37,2048,2048,0 1 eNoLCAgIMAEABJkBdQ==
f8eaae35-0257-4df5-a48e-5fc830494a25,2048,2048,0 1 eNoLCAgIMAEABJkBdQ==
fa1c891d-7660-461d-8299-afd1aa2d6609,1728,1728,0 1 eNoLCAjJNgIABNkBkg==
faadeec9-e2c2-4010-9b27-5bbaad6eed79,3072,3072,0 1 eNoLCAgIsAQABJ4Beg==
fab5deb8-128f-4e87-a246-a6465c1b9106,2048,2048,0 1 eNoLCAgIMAEABJkBdQ==
fb18d293-0c98-4ace-8c1b-fe9f17e9878e,1728,1728,0 1 eNoLCAjJNgIABNkBkg==
fb50bb22-6147-4dfc-961f-b2608fe2d50b,2048,2048,0 1 eNoLCAgIMAEABJkBdQ==
fb614e7d-3c4d-432c-8452-2d708acf5eb6,1728,1728,0 1 eNoLCAjJNgIABNkBkg==
fc2319d7-6118-4677-a560-e40f05140317,1728,1728,0 1 eNoLCAjJNgIABNkBkg==
fc66b868-6d88-4b9f-8136-acc569cac81e,2048,2048,0 1 eNoLCAgIMAEABJkBdQ==
fc69c109-c4d9-48c1-bca5-6f0856892cab,2048,2048,0 1 eNoLCAgIMAEABJkBdQ==
fca887f0-1fe4-4c09-8b5b-9caddc9bded1,2048,2048,0 1 eNoLCAgIMAEABJkBdQ==
fce60702-5689-4b10-b173-db98a7cbafe0,2048,2048,0 1 eNoLCAgIMAEABJkBdQ==
fd13438a-437b-49c0-8301-52c37fd8694f,2048,2048,0 1 eNoLCAgIMAEABJkBdQ==
fd16cfb3-2b1c-4a18-b4f1-6ebb24f1d796,2048,2048,0 1 eNoLCAgIMAEABJkBdQ==
fd338f97-d628-41f4-9004-5474aa3228df,2048,2048,0 1 eNoLCAgIMAEABJkBdQ==
fd3a7695-2aa1-478d-a449-64cd9ef5e90a,2048,2048,0 1 eNoLCAgIMAEABJkBdQ==
fd3b887f-d728-4506-80ea-04de9255104b,2048,2048,0 1 eNoLCAgIMAEABJkBdQ==
fd9bf154-b2f8-4cf9-b2ad-40d7b1089e2f,3072,3072,0 1 eNoLCAgIsAQABJ4Beg==
fdd126fa-8e87-4ffe-b2b7-3ee48156d887,1728,1728,0 1 eNoLCAjJNgIABNkBkg==
fdf38d34-19f6-491f-b2e2-143a446736c0,1728,1728,0 1 eNoLCAjJNgIABNkBkg==
fe2a5b0b-fe29-4dcd-8a93-d653217c0161,2048,2048,0 1 eNoLCAgIMAEABJkBdQ==
fe368fb1-9dc6-472b-9a33-aba3d1477626,2048,2048,0 1 eNoLCAgIMAEABJkBdQ==
fea47298-266a-4cf4-93bd-55d1bcc2fc7d,1728,1728,0 1 eNoLCAjJNgIABNkBkg==
feb955db-6c07-4717-a98b-92236c8e01d8,2048,2048,0 1 eNoLCAgIMAEABJkBdQ==
fefb9bb7-934a-40d1-8d2f-210265857388,2048,2048,0 1 eNoLCAgIMAEABJkBdQ==
ff069fa2-d948-408e-91b3-034cfea428d1,3072,3072,0 1 eNoLCAgIsAQABJ4Beg==
ff23eea9-4bbe-42af-a8da-9ae16321fc6d,2048,2048,0 1 eNoLCAgIMAEABJkBdQ==
